﻿<?xml version="1.0" encoding="utf-8"?>
<Package xmlns="http://schemas.microsoft.com/appx/manifest/foundation/windows10" xmlns:mp="http://schemas.microsoft.com/appx/2014/phone/manifest" xmlns:uap="http://schemas.microsoft.com/appx/manifest/uap/windows10" IgnorableNamespaces="uap mp build" xmlns:build="http://schemas.microsoft.com/developer/appx/2015/build">
  <!--
    THIS PACKAGE MANIFEST FILE IS GENERATED BY THE BUILD PROCESS.

    Changes to this file will be lost when it is regenerated. To correct errors in this file, edit the source .appxmanifest file.

    For more information on package manifest files, see http://go.microsoft.com/fwlink/?LinkID=241727
  -->
  <Identity Name="aa7f25e3-94ca-444e-a98e-d6d800fd337b" Version="1.0.0.0" Publisher="CN=sarah" ProcessorArchitecture="x86" />
  <mp:PhoneIdentity PhoneProductId="aa7f25e3-94ca-444e-a98e-d6d800fd337b" PhonePublisherId="00000000-0000-0000-0000-000000000000" />
  <Properties>
    <DisplayName>WebApp</DisplayName>
    <PublisherDisplayName>sarah</PublisherDisplayName>
    <Logo>images\storelogo.png</Logo>
  </Properties>
  <Dependencies>
    <TargetDeviceFamily Name="Windows.Universal" MinVersion="10.0.10240.0" MaxVersionTested="10.0.10240.0" />
  </Dependencies>
  <Resources>
    <Resource Language="EN-US" />
  </Resources>
  <Applications>
    <Application Id="App" StartPage="default.html">
      <uap:VisualElements DisplayName="WebApp" Description="WebApp" BackgroundColor="transparent" Square150x150Logo="images\Square150x150Logo.png" Square44x44Logo="images\Square44x44Logo.png">
        <uap:DefaultTile Wide310x150Logo="images\Wide310x150Logo.png"></uap:DefaultTile>
        <uap:SplashScreen Image="images\splashscreen.png" />
      </uap:VisualElements>
    </Application>
  </Applications>
  <Capabilities>
    <Capability Name="internetClient" />
  </Capabilities>
  <Extensions>
    <Extension Category="windows.activatableClass.inProcessServer">
      <InProcessServer>
        <Path>CLRHost.dll</Path>
        <ActivatableClass ActivatableClassId="CommunicationWinRT.CommunicationWinRT" ThreadingModel="both" />
      </InProcessServer>
    </Extension>
  </Extensions>
  <build:Metadata>
    <build:Item Name="VisualStudio" Version="14.0" />
    <build:Item Name="VisualStudioEdition" Value="Microsoft Visual Studio Enterprise 2015" />
    <build:Item Name="OperatingSystem" Version="10.0.10525.0 (th2_release.150812-1658)" />
    <build:Item Name="Microsoft.Build.AppxPackage.dll" Version="14.0.23121.0" />
    <build:Item Name="ProjectGUID" Value="aa7f25e3-94ca-444e-a98e-d6d800fd337b" />
    <build:Item Name="OptimizingToolset" Value="None" />
    <build:Item Name="TargetRuntime" Value="AppHost" />
    <build:Item Name="MakePri.exe" Version="10.0.10240.16384 (th1.150709-1700)" />
  </build:Metadata>
</Package>